Date,SECB,PGOLD,AP,MWC,GLO
"12/20/2024","87.50","31.000","37.70","26.000","2080.00"
"12/19/2024","85.95","30.200","37.70","25.700","2048.00"
"12/18/2024","87.50","30.600","37.40","26.050","2030.00"
"12/17/2024","85.00","30.450","37.25","25.950","2026.00"
"12/16/2024","86.30","30.250","37.20","26.150","2064.00"
"12/13/2024","86.90","31.000","36.70","25.600","2076.00"
"12/12/2024","83.10","30.500","37.25","25.200","2080.00"
"12/11/2024","84.00","30.450","37.50","25.300","2088.00"
"12/10/2024","83.20","30.400","37.50","25.300","2100.00"
"12/09/2024","83.20","30.200","37.20","25.200","2100.00"
"12/06/2024","85.00","30.000","36.50","25.500","2116.00"
"12/05/2024","85.20","30.900","37.00","25.650","2074.00"
"12/04/2024","85.00","30.800","37.15","25.500","2108.00"
"12/03/2024","85.15","30.850","37.30","25.700","2102.00"
"12/02/2024","86.80","30.700","37.30","25.850","2130.00"
"11/29/2024","86.80","30.600","37.30","25.650","2100.00"
"11/28/2024","85.50","30.900","37.30","26.100","2100.00"
"11/27/2024","83.85","30.900","37.20","27.000","2116.00"
"11/26/2024","86.55","31.400","37.35","27.100","2100.00"
"11/25/2024","89.00","30.500","37.95","27.500","2100.00"
"11/22/2024","84.50","30.000","37.85","27.200","2100.00"
"11/21/2024","84.00","30.400","37.75","27.150","2100.00"
"11/20/2024","85.00","30.200","37.55","26.500","2160.00"
"11/19/2024","84.65","29.850","37.50","26.850","2134.00"
"11/18/2024","82.00","30.000","36.80","27.100","2088.00"
"11/15/2024","81.00","29.400","37.15","26.200","2118.00"
"11/14/2024","80.00","29.300","36.90","25.150","2060.00"
"11/13/2024","79.10","29.900","37.50","25.000","2060.00"
"11/12/2024","80.05","31.600","37.55","26.000","2090.00"
"11/11/2024","86.50","31.700","37.55","26.050","2134.00"
"11/08/2024","86.00","32.000","37.50","25.500","2180.00"
"11/07/2024","87.15","30.950","37.50","25.500","2142.00"
"11/06/2024","92.00","31.750","37.70","26.100","2186.00"
"11/05/2024","91.80","31.750","37.50","26.450","2168.00"
"11/04/2024","91.70","31.650","37.50","26.250","2146.00"
"10/31/2024","92.05","32.600","37.50","26.250","2146.00"
"10/30/2024","92.95","31.900","37.80","25.550","2166.00"
"10/29/2024","92.00","32.000","37.35","25.800","2100.00"
"10/28/2024","94.05","32.950","37.80","26.400","2266.00"
"10/25/2024","93.30","33.000","37.80","26.300","2274.00"
"10/24/2024","92.50","32.350","37.40","26.000","2260.00"
"10/23/2024","95.00","32.900","38.00","26.900","2310.00"
"10/22/2024","94.50","32.800","38.05","26.900","2390.00"
"10/21/2024","95.90","32.950","38.00","26.250","2414.00"
"10/18/2024","97.60","33.000","37.90","26.600","2420.00"
"10/17/2024","99.15","33.200","38.10","27.000","2430.00"
"10/16/2024","97.00","34.450","39.75","27.500","2420.00"
"10/15/2024","98.20","33.000","38.10","27.000","2450.00"
"10/14/2024","94.00","32.500","37.75","26.950","2406.00"
"10/11/2024","94.20","32.000","37.70","26.900","2420.00"
"10/10/2024","94.90","32.550","38.15","27.100","2390.00"
"10/09/2024","91.00","32.800","38.65","27.900","2420.00"
"10/08/2024","95.30","33.400","38.80","28.000","2460.00"
"10/07/2024","98.70","33.850","38.25","28.400","2460.00"
"10/04/2024","98.75","31.200","38.00","27.200","2400.00"
"10/03/2024","98.95","31.600","38.25","27.200","2404.00"
"10/02/2024","97.05","31.450","38.05","27.150","2430.00"
"10/01/2024","97.00","31.550","38.20","27.350","2400.00"
"09/30/2024","95.95","31.500","38.10","26.550","2274.00"
"09/27/2024","96.35","32.050","38.50","26.400","2258.00"
"09/26/2024","96.30","32.000","37.50","26.400","2220.00"
"09/25/2024","95.80","30.600","37.00","26.650","2222.00"
"09/24/2024","97.95","30.400","36.70","26.600","2260.00"
"09/23/2024","96.50","30.400","37.65","26.900","2292.00"
"09/20/2024","89.50","29.700","36.90","28.200","2290.00"
"09/19/2024","84.10","30.050","37.90","28.350","2292.00"
"09/18/2024","82.00","29.300","36.95","29.300","2240.00"
"09/17/2024","77.30","29.000","36.70","29.500","2276.00"
"09/16/2024","77.45","29.200","36.70","28.600","2210.00"
"09/13/2024","77.35","29.000","36.65","28.400","2210.00"
"09/12/2024","77.05","29.850","36.45","28.900","2202.00"
"09/11/2024","77.20","30.000","36.30","28.050","2236.00"
"09/10/2024","77.30","30.250","36.00","28.950","2244.00"
"09/09/2024","78.20","30.850","35.95","29.650","2210.00"
"09/06/2024","71.80","30.000","35.20","28.600","2218.00"
"09/05/2024","69.00","29.100","35.10","26.550","2234.00"
"09/04/2024","65.95","28.150","35.50","27.200","2228.00"
"09/03/2024","63.35","27.900","35.35","26.950","2232.00"
"09/02/2024","62.70","28.100","35.75","27.200","2224.00"
"08/30/2024","60.00","27.750","35.70","27.200","2200.00"
"08/29/2024","61.00","27.400","35.45","26.350","2238.00"
"08/28/2024","61.20","27.050","35.65","26.000","2258.00"
"08/27/2024","60.15","27.400","35.50","26.000","2252.00"
"08/22/2024","60.60","27.350","36.65","25.900","2228.00"
"08/21/2024","61.25","27.650","36.20","25.950","2220.00"
"08/20/2024","61.30","27.700","35.50","25.900","2260.00"
"08/19/2024","62.00","27.200","35.30","26.650","2290.00"
"08/16/2024","61.60","26.250","36.10","25.950","2282.00"
"08/15/2024","61.15","26.050","35.20","25.950","2280.00"
"08/14/2024","62.80","26.500","34.20","26.300","2338.00"
"08/13/2024","62.60","26.000","34.15","26.150","2318.00"
"08/12/2024","64.00","26.800","34.00","25.750","2312.00"
"08/09/2024","64.20","26.600","33.90","26.050","2296.00"
"08/08/2024","63.80","26.000","34.00","26.250","2228.00"
"08/07/2024","64.00","26.250","33.85","25.900","2230.00"
"08/06/2024","64.00","25.400","33.40","25.700","2178.00"
"08/05/2024","64.00","25.400","33.30","25.800","2140.00"
"08/02/2024","65.45","26.050","33.70","26.400","2218.00"
"08/01/2024","65.95","26.300","33.25","26.650","2162.00"
"07/31/2024","64.40","26.300","33.05","27.100","2152.00"
"07/30/2024","63.85","25.900","33.00","26.000","2126.00"
"07/29/2024","64.00","26.000","33.40","26.150","2108.00"
"07/26/2024","63.95","25.900","33.95","26.400","2124.00"
"07/25/2024","63.80","25.600","33.70","26.150","2114.00"
"07/23/2024","63.80","25.800","34.00","26.050","2100.00"
"07/22/2024","63.80","26.200","34.00","26.050","2062.00"
"07/19/2024","64.10","26.200","34.40","26.000","2090.00"
"07/18/2024","64.10","26.350","34.50","26.000","2090.00"
"07/17/2024","64.00","25.600","34.50","25.700","2060.00"
"07/16/2024","65.05","25.500","34.25","26.150","2092.00"
"07/15/2024","65.30","25.500","34.35","26.300","2110.00"
"07/12/2024","65.00","25.300","33.90","26.300","2128.00"
"07/11/2024","63.00","25.500","33.65","27.400","2150.00"
"07/10/2024","62.90","24.450","33.05","26.200","2100.00"
"07/09/2024","62.85","24.700","34.10","26.950","2124.00"
"07/08/2024","62.75","24.850","33.00","27.000","2082.00"
"07/05/2024","63.00","24.750","32.95","26.700","2110.00"
"07/04/2024","63.00","24.750","32.65","27.150","2134.00"
"07/03/2024","63.20","24.650","33.00","27.300","2120.00"
"07/02/2024","62.70","24.250","32.40","26.800","2080.00"
"07/01/2024","62.90","24.200","33.80","27.700","2088.00"
"06/28/2024","62.90","24.200","33.90","27.300","2100.00"
"06/27/2024","63.00","24.450","34.20","27.750","2090.00"
"06/26/2024","62.60","24.000","34.35","27.900","2050.00"
"06/25/2024","65.15","24.550","34.10","27.450","2008.00"
"06/24/2024","66.15","24.700","34.50","27.000","1975.00"
"06/21/2024","66.15","24.850","34.40","26.800","1928.00"
"06/20/2024","67.45","24.750","34.35","26.900","1993.00"
"06/19/2024","67.40","24.850","34.20","26.400","1979.00"
"06/18/2024","67.75","24.850","33.90","26.900","1995.00"
"06/14/2024","67.60","24.850","34.60","26.850","1990.00"
"06/13/2024","68.35","24.800","34.70","25.850","1990.00"
"06/11/2024","69.90","24.800","34.50","26.200","1985.00"
"06/10/2024","69.80","24.750","34.80","26.300","1994.00"
"06/07/2024","70.00","24.900","34.95","26.850","2004.00"
"06/06/2024","70.00","25.150","35.00","26.250","1995.00"
"06/05/2024","69.60","24.700","33.80","25.550","1977.00"
"06/04/2024","69.45","24.950","33.90","26.050","1949.00"
"06/03/2024","70.50","24.850","34.00","26.900","1941.00"
"05/31/2024","73.70","25.200","34.10","27.800","1970.00"
"05/30/2024","68.90","23.950","33.95","26.000","1910.00"
"05/29/2024","69.00","23.750","34.25","26.200","1954.00"
"05/28/2024","68.90","24.000","34.20","26.800","1972.00"
"05/27/2024","68.65","24.600","34.75","26.950","2000.00"
"05/24/2024","68.50","24.600","34.20","27.550","2006.00"
"05/23/2024","70.00","24.700","33.90","27.800","2006.00"
"05/22/2024","69.95","24.700","34.90","27.550","1989.00"
"05/21/2024","71.05","24.800","34.95","27.700","2000.00"
"05/20/2024","72.50","24.900","35.30","27.450","2020.00"
"05/17/2024","71.65","24.800","35.45","26.600","2000.00"
"05/16/2024","71.00","24.650","35.45","27.000","1940.00"
"05/15/2024","70.50","24.050","35.50","27.000","1913.00"
"05/14/2024","70.50","24.550","35.50","26.650","1860.00"
"05/13/2024","70.00","24.200","35.55","25.900","1830.00"
"05/10/2024","69.85","24.200","35.80","26.000","1790.00"
"05/09/2024","69.90","24.500","35.80","25.350","1772.00"
"05/08/2024","70.90","24.200","35.30","25.600","1768.00"
"05/07/2024","70.00","23.950","37.05","24.800","1769.00"
"05/06/2024","70.00","23.450","37.30","24.800","1770.00"
"05/03/2024","70.00","22.800","37.15","24.650","1760.00"
"05/02/2024","70.10","23.000","36.90","23.850","1737.00"
"04/30/2024","71.35","23.700","37.05","24.850","1774.00"
"04/29/2024","71.40","23.750","36.95","25.000","1768.00"
"04/26/2024","69.55","23.550","37.10","24.350","1750.00"
"04/25/2024","69.00","23.650","36.40","24.600","1730.00"
"04/24/2024","68.80","24.000","36.25","24.200","1747.00"
"04/23/2024","68.40","24.000","35.70","23.250","1722.00"
"04/22/2024","68.15","24.000","35.50","22.300","1720.00"
"04/19/2024","68.40","24.000","35.00","21.750","1722.00"
"04/18/2024","68.50","24.150","36.00","21.800","1722.00"
"04/17/2024","68.25","24.150","36.05","21.000","1720.00"
"04/16/2024","68.30","24.100","35.80","21.000","1724.00"
"04/15/2024","68.45","24.350","36.25","21.200","1726.00"
"04/12/2024","68.45","24.250","36.25","21.550","1738.00"
"04/11/2024","69.60","24.500","35.80","22.000","1750.00"
"04/08/2024","69.20","24.500","36.50","22.000","1759.00"
"04/05/2024","69.30","24.300","36.50","21.650","1750.00"
"04/04/2024","69.45","25.000","36.50","22.300","1760.00"
"04/03/2024","69.60","25.000","36.50","22.500","1754.00"
"04/02/2024","69.60","25.800","36.45","22.600","1773.00"
"04/01/2024","69.55","26.700","36.20","22.650","1773.00"
"03/27/2024","68.60","26.800","35.50","22.650","1769.00"
"03/26/2024","67.80","25.750","35.00","22.700","1768.00"
"03/25/2024","67.60","25.550","35.80","22.350","1755.00"
"03/22/2024","67.50","25.950","36.50","22.350","1749.00"
"03/21/2024","67.75","26.000","36.90","22.100","1749.00"
"03/20/2024","68.00","25.750","36.85","21.650","1730.00"
"03/19/2024","68.60","25.500","37.15","21.150","1730.00"
"03/18/2024","67.80","25.800","37.50","21.400","1730.00"
"03/15/2024","67.45","26.100","39.30","20.900","1710.00"
"03/14/2024","69.70","26.900","39.20","21.950","1763.00"
"03/13/2024","69.05","27.000","39.30","21.950","1760.00"
"03/12/2024","69.05","27.050","38.35","21.650","1760.00"
"03/11/2024","69.30","27.100","38.15","21.100","1750.00"
"03/08/2024","69.25","27.500","38.15","21.500","1745.00"
"03/07/2024","69.55","27.700","38.00","21.500","1746.00"
"03/06/2024","69.90","27.750","38.30","21.050","1745.00"
"03/05/2024","70.05","27.300","37.80","21.150","1749.00"
"03/04/2024","70.20","28.000","37.50","20.800","1729.00"
"03/01/2024","71.00","27.500","37.30","20.600","1736.00"
"02/29/2024","71.00","27.500","37.00","19.440","1720.00"
"02/28/2024","73.05","28.000","37.30","19.460","1726.00"
"02/27/2024","71.00","27.950","37.15","18.880","1730.00"
"02/26/2024","71.00","27.950","37.75","18.900","1734.00"
"02/23/2024","71.40","27.950","37.55","18.760","1740.00"
"02/22/2024","71.20","27.900","37.50","18.940","1763.00"
"02/21/2024","70.45","28.000","37.30","18.940","1755.00"
"02/20/2024","70.45","28.000","37.10","18.220","1743.00"
"02/19/2024","71.45","28.000","36.95","18.420","1760.00"
"02/16/2024","73.20","28.000","37.30","19.000","1781.00"
"02/15/2024","73.40","28.350","37.65","19.160","1790.00"
"02/14/2024","72.80","28.300","38.00","18.600","1757.00"
"02/13/2024","72.80","27.500","38.00","18.620","1739.00"
"02/12/2024","72.30","27.500","37.80","18.400","1730.00"
"02/08/2024","73.20","27.450","37.85","18.700","1741.00"
"02/07/2024","73.00","27.750","37.20","18.740","1728.00"
"02/06/2024","73.00","27.700","37.05","18.400","1750.00"
"02/05/2024","71.95","27.700","36.85","17.940","1743.00"
"02/02/2024","72.35","27.400","37.35","17.960","1728.00"
"02/01/2024","71.90","27.650","37.65","17.620","1733.00"
"01/31/2024","71.00","27.800","38.00","17.980","1738.00"
"01/30/2024","71.30","28.400","37.85","17.800","1728.00"
"01/29/2024","72.20","28.450","37.65","18.080","1700.00"
"01/26/2024","72.35","28.550","37.80","18.240","1720.00"
"01/25/2024","72.45","28.500","37.50","18.400","1748.00"
"01/24/2024","72.10","28.700","37.60","18.280","1741.00"
"01/23/2024","72.00","28.750","37.95","18.600","1750.00"
"01/22/2024","71.90","28.650","38.00","18.540","1750.00"
"01/19/2024","71.90","28.300","37.85","18.480","1731.00"
"01/18/2024","71.80","28.200","38.00","18.260","1727.00"
"01/17/2024","72.20","28.450","38.00","18.600","1749.00"
"01/16/2024","73.85","28.450","38.05","19.000","1806.00"
"01/15/2024","73.80","28.500","38.35","19.420","1790.00"
"01/12/2024","74.00","28.650","38.35","19.020","1712.00"
"01/11/2024","73.60","28.500","38.30","18.800","1725.00"
"01/10/2024","73.85","28.200","38.00","18.960","1723.00"
"01/09/2024","74.00","27.950","38.10","19.020","1730.00"
"01/08/2024","73.00","28.000","38.20","18.960","1720.00"
"01/05/2024","73.10","28.000","38.25","18.840","1726.00"
"01/04/2024","71.60","27.150","37.70","18.560","1721.00"
"01/03/2024","71.55","27.200","37.80","18.680","1723.00"
"01/02/2024","72.00","27.100","37.70","18.280","1735.00"
"12/29/2023","71.50","26.900","37.80","18.600","1720.00"
"12/28/2023","71.40","27.500","37.50","18.420","1708.00"
"12/27/2023","71.40","27.000","37.00","18.160","1702.00"
"12/22/2023","71.65","27.850","37.15","18.400","1713.00"
"12/21/2023","71.50","27.000","37.40","18.100","1710.00"
"12/20/2023","72.50","27.000","37.00","18.360","1718.00"
"12/19/2023","71.25","26.450","37.70","18.500","1730.00"
"12/18/2023","72.85","26.100","37.80","18.520","1703.00"
"12/15/2023","73.00","26.050","37.90","18.440","1699.00"
"12/14/2023","69.95","26.800","38.00","18.600","1705.00"
"12/13/2023","69.55","26.900","37.70","18.140","1702.00"
"12/12/2023","69.40","27.150","37.80","18.000","1718.00"
"12/11/2023","69.10","26.550","37.80","18.000","1718.00"
"12/07/2023","69.85","27.250","37.90","18.000","1729.00"
"12/06/2023","70.30","27.400","37.50","18.100","1718.00"
"12/05/2023","69.00","27.700","37.35","18.200","1727.00"
"12/04/2023","69.00","27.600","37.65","18.000","1725.00"
"12/01/2023","68.05","27.450","36.60","18.040","1719.00"
"11/30/2023","70.50","27.200","37.50","18.000","1710.00"
"11/29/2023","69.05","27.750","37.10","18.200","1715.00"
"11/28/2023","69.40","27.700","36.60","17.980","1719.00"
"11/24/2023","70.00","27.950","36.40","18.040","1740.00"
"11/23/2023","70.05","27.800","36.50","17.440","1755.00"
"11/22/2023","70.05","28.150","36.25","17.200","1760.00"
"11/21/2023","70.70","28.400","36.70","17.000","1760.00"
"11/20/2023","72.00","28.450","36.25","17.100","1720.00"
"11/17/2023","72.40","28.500","36.40","17.000","1718.00"
"11/16/2023","72.40","27.950","36.70","17.140","1744.00"
"11/15/2023","71.90","28.100","36.00","17.240","1762.00"
"11/14/2023","70.65","28.000","35.20","17.400","1766.00"
"11/13/2023","71.60","27.950","36.50","17.400","1766.00"
"11/10/2023","74.00","28.000","36.75","17.100","1773.00"
"11/09/2023","74.20","28.000","36.80","17.300","1772.00"
"11/08/2023","75.20","28.250","36.30","17.120","1775.00"
"11/07/2023","75.05","28.150","36.45","17.260","1770.00"
"11/06/2023","74.90","27.650","36.35","16.940","1762.00"
"11/03/2023","75.00","27.600","36.40","16.920","1762.00"
"10/31/2023","77.00","27.100","35.95","16.920","1760.00"
"10/27/2023","74.95","26.900","35.05","17.240","1769.00"
"10/26/2023","75.20","26.800","34.75","17.280","1779.00"
"10/25/2023","76.10","27.800","36.00","17.620","1780.00"
"10/24/2023","76.70","28.400","36.00","17.580","1790.00"
"10/23/2023","76.65","28.950","35.25","17.720","1795.00"
"10/20/2023","77.00","28.900","35.55","17.860","1800.00"
"10/19/2023","77.05","29.250","36.80","18.040","1814.00"
"10/18/2023","80.00","29.450","36.95","18.200","1799.00"
"10/17/2023","78.10","29.600","36.85","18.100","1792.00"
"10/16/2023","77.40","29.200","37.00","18.120","1790.00"
"10/13/2023","79.05","29.750","37.00","18.100","1794.00"
"10/12/2023","78.75","29.300","36.90","18.040","1790.00"
"10/11/2023","77.95","29.550","37.05","18.200","1808.00"
"10/10/2023","77.35","29.100","36.60","17.980","1805.00"
"10/09/2023","76.50","29.000","35.70","17.940","1802.00"
"10/06/2023","77.00","28.650","34.50","18.140","1790.00"
"10/05/2023","77.80","28.800","34.95","18.180","1780.00"
"10/04/2023","78.55","29.650","35.00","18.420","1820.00"
"10/03/2023","79.90","29.100","34.90","18.480","1807.00"
"10/02/2023","81.00","29.350","34.35","18.480","1800.00"
"09/29/2023","79.95","28.900","33.50","18.200","1793.00"
"09/28/2023","79.60","29.750","35.70","17.560","1833.00"
"09/27/2023","78.25","28.750","34.50","17.900","1833.00"
"09/26/2023","77.50","28.500","33.00","17.500","1829.00"
"09/25/2023","75.50","28.700","32.10","17.220","1800.00"
"09/22/2023","74.70","28.850","30.75","17.600","1778.00"
"09/21/2023","74.70","28.900","30.00","17.320","1775.00"
"09/20/2023","75.20","28.900","30.75","17.000","1772.00"
"09/19/2023","76.55","28.400","30.40","17.460","1761.00"
"09/18/2023","76.85","28.300","31.70","17.700","1752.00"
"09/15/2023","78.10","29.000","31.60","17.720","1752.00"
"09/14/2023","78.15","29.500","33.20","17.800","1795.00"
"09/13/2023","78.20","28.900","33.00","18.160","1787.00"
"09/12/2023","78.55","29.100","33.45","18.300","1781.00"
"09/11/2023","78.80","29.900","33.75","18.100","1786.00"
"09/08/2023","78.95","29.800","34.40","18.080","1770.00"
"09/07/2023","79.50","29.650","34.20","17.960","1765.00"
"09/06/2023","79.45","28.950","35.00","18.140","1790.00"
"09/05/2023","80.00","28.000","35.05","18.100","1796.00"
"09/04/2023","80.00","27.850","35.45","18.100","1796.00"
"09/01/2023","79.40","27.750","35.45","17.980","1801.00"
"08/31/2023","80.50","27.900","35.70","17.700","1802.00"
"08/30/2023","80.15","27.450","35.20","18.300","1814.00"
"08/29/2023","80.00","27.500","34.95","18.340","1836.00"
"08/25/2023","79.65","27.350","35.00","17.820","1825.00"
"08/24/2023","80.00","27.450","34.70","17.940","1870.00"
"08/23/2023","79.25","27.350","35.00","18.420","1860.00"
"08/22/2023","79.70","27.250","34.95","18.660","1870.00"
"08/18/2023","79.50","27.800","34.50","18.700","1884.00"
"08/17/2023","80.80","27.800","35.60","18.700","1910.00"
"08/16/2023","81.20","28.000","36.10","19.000","1918.00"
"08/15/2023","81.25","27.500","36.00","18.980","1915.00"
"08/14/2023","82.00","27.600","35.80","19.000","1850.00"
"08/11/2023","81.85","27.550","36.00","19.400","1850.00"
"08/10/2023","81.75","27.950","36.00","19.400","1840.00"
"08/09/2023","82.05","28.250","36.45","19.160","1874.00"
"08/08/2023","82.25","28.250","35.50","19.160","1860.00"
"08/07/2023","82.50","28.050","35.65","18.700","1875.00"
"08/04/2023","82.45","27.500","35.00","18.320","1811.00"
"08/03/2023","84.50","28.350","35.60","18.480","1885.00"
"08/02/2023","81.85","27.850","36.00","18.460","1870.00"
"08/01/2023","82.50","28.000","36.00","19.120","1918.00"
"07/31/2023","83.00","29.000","36.05","19.100","1920.00"
"07/28/2023","83.00","29.950","36.05","19.500","1929.00"
"07/27/2023","82.75","29.900","36.80","19.500","1937.00"
"07/26/2023","82.90","29.800","36.70","19.380","1921.00"
"07/25/2023","83.80","29.400","36.00","19.600","1930.00"
"07/24/2023","85.00","30.000","35.20","18.820","1920.00"
"07/21/2023","85.70","29.800","35.00","18.500","1890.00"
"07/20/2023","86.00","29.700","35.10","18.460","1890.00"
"07/19/2023","84.20","29.500","34.80","18.500","1847.00"
"07/18/2023","83.80","29.800","34.00","18.100","1816.00"
"07/17/2023","83.65","29.350","35.65","18.380","1846.00"
"07/14/2023","83.75","28.800","36.75","18.100","1866.00"
"07/13/2023","83.60","28.800","37.00","18.160","1881.00"
"07/12/2023","82.15","28.750","36.50","18.260","1825.00"
"07/11/2023","82.05","28.750","35.95","18.240","1834.00"
"07/10/2023","82.10","28.500","35.75","18.260","1842.00"
"07/07/2023","82.30","29.200","35.60","18.260","1810.00"
"07/06/2023","82.70","29.300","36.00","18.560","1804.00"
"07/05/2023","82.55","30.000","36.05","18.880","1762.00"
"07/04/2023","83.00","30.000","36.65","18.900","1749.00"
"07/03/2023","82.55","29.650","37.30","18.740","1745.00"
"06/30/2023","83.50","29.400","38.45","18.480","1731.00"
"06/29/2023","82.10","29.600","37.75","18.720","1759.00"
"06/27/2023","81.75","29.650","37.85","17.480","1750.00"
"06/26/2023","82.20","29.600","37.55","17.260","1759.00"
"06/23/2023","82.00","29.600","37.55","17.100","1715.00"
"06/22/2023","82.25","28.700","37.50","17.000","1706.00"
"06/21/2023","82.95","29.000","36.50","17.500","1725.00"
"06/20/2023","83.40","28.200","37.00","17.480","1720.00"
"06/19/2023","83.30","28.000","36.65","17.320","1718.00"
"06/16/2023","83.00","28.400","36.50","17.860","1710.00"
"06/15/2023","84.10","28.000","36.50","17.660","1710.00"
"06/14/2023","83.75","29.550","36.80","17.680","1755.00"
"06/13/2023","85.15","29.500","36.95","17.960","1834.00"
"06/09/2023","86.10","30.500","37.00","17.940","1785.00"
"06/08/2023","86.10","30.350","37.00","17.900","1720.00"
"06/07/2023","86.50","30.300","37.00","17.840","1720.00"
"06/06/2023","86.50","30.250","36.80","18.100","1720.00"
"06/05/2023","86.85","30.750","37.00","18.200","1724.00"
"06/02/2023","86.60","30.650","37.35","17.820","1710.00"
"06/01/2023","85.15","30.250","37.20","17.800","1700.00"
"05/31/2023","85.00","30.300","37.20","18.040","1700.00"
"05/30/2023","85.80","30.550","36.85","18.640","1717.00"
"05/29/2023","87.00","30.600","37.40","18.460","1729.00"
"05/26/2023","85.65","30.600","37.25","18.240","1720.00"
"05/25/2023","86.00","30.800","37.00","18.900","1720.00"
"05/24/2023","87.60","31.350","37.50","19.000","1720.00"
"05/23/2023","89.50","31.400","37.60","19.140","1718.00"
"05/22/2023","90.00","31.850","38.00","19.300","1720.00"
"05/19/2023","91.30","31.750","37.95","19.500","1740.00"
"05/18/2023","91.35","31.750","37.50","19.520","1730.00"
"05/17/2023","91.20","31.700","37.10","19.380","1725.00"
"05/16/2023","91.15","32.100","37.90","19.520","1721.00"
"05/15/2023","91.35","32.500","37.60","19.520","1701.00"
"05/12/2023","94.20","33.050","37.55","19.980","1710.00"
"05/11/2023","94.70","33.300","38.05","20.600","1729.00"
"05/10/2023","94.30","33.400","37.80","20.250","1713.00"
"05/09/2023","93.30","33.350","37.70","20.050","1710.00"
"05/08/2023","93.50","33.200","37.75","20.200","1710.00"
"05/05/2023","94.15","33.400","38.00","20.000","1710.00"
"05/04/2023","93.45","33.050","37.85","19.600","1711.00"
"05/03/2023","92.90","33.300","38.00","19.500","1700.00"
"05/02/2023","93.00","33.100","38.00","19.300","1720.00"
"04/28/2023","92.25","32.600","38.00","19.220","1700.00"
"04/27/2023","92.00","32.750","37.25","19.000","1725.00"
"04/26/2023","92.00","32.400","36.90","19.300","1704.00"
"04/25/2023","91.55","32.600","37.30","19.360","1723.00"
"04/24/2023","91.60","32.550","37.05","19.360","1722.00"
"04/20/2023","90.50","32.600","37.50","19.500","1783.00"
"04/19/2023","90.15","32.500","37.20","19.300","1785.00"
"04/18/2023","91.40","32.400","37.45","19.500","1800.00"
"04/17/2023","92.00","32.500","37.45","19.680","1800.00"
"04/14/2023","92.00","32.400","37.40","19.660","1805.00"
"04/13/2023","92.40","32.300","37.40","19.500","1780.00"
"04/12/2023","91.50","32.500","37.00","18.900","1798.00"
"04/11/2023","92.95","32.350","37.50","18.960","1792.00"
"04/05/2023","93.60","32.900","36.80","19.400","1836.00"
"04/04/2023","92.45","33.000","36.95","19.340","1840.00"
"04/03/2023","92.60","32.700","36.90","19.620","1825.00"
"03/31/2023","92.00","31.300","37.20","19.700","1864.00"
"03/30/2023","91.65","33.100","37.45","19.860","1860.00"
"03/29/2023","90.15","33.000","37.10","19.480","1844.00"
"03/28/2023","90.60","33.000","37.10","19.900","1850.00"
"03/27/2023","91.00","32.700","36.65","19.940","1821.00"
"03/24/2023","91.00","32.700","36.75","19.640","1850.00"
"03/23/2023","91.30","32.200","37.25","19.500","1848.00"
"03/22/2023","93.15","32.000","37.00","18.340","1838.00"
"03/21/2023","93.00","31.650","37.10","18.000","1816.00"
"03/20/2023","93.00","31.250","36.60","17.380","1745.00"
"03/17/2023","93.00","30.800","36.50","17.300","1740.00"
"03/16/2023","92.05","29.800","36.50","17.400","1730.00"
"03/15/2023","93.05","30.950","37.50","17.800","1758.00"
"03/14/2023","93.00","30.400","36.05","17.760","1777.00"
"03/13/2023","94.10","30.050","37.85","17.760","1800.00"
"03/10/2023","99.00","30.600","37.90","17.820","1820.00"
"03/09/2023","101.00","30.800","38.00","17.940","1800.00"
"03/08/2023","98.75","30.900","38.00","18.260","1839.00"
"03/07/2023","97.00","30.950","38.00","18.800","1850.00"
"03/06/2023","97.00","30.650","38.00","18.700","1874.00"
"03/03/2023","96.00","31.000","38.15","18.600","1850.00"
"03/02/2023","98.00","31.000","37.15","18.900","1807.00"
"03/01/2023","99.00","31.050","37.50","18.940","1808.00"
"02/28/2023","102.80","31.500","37.85","19.000","1775.00"
"02/27/2023","96.00","31.300","36.50","18.900","1871.00"
"02/24/2023","96.05","31.500","37.10","19.800","1920.00"
"02/23/2023","96.05","31.500","37.10","19.800","1920.00"
"02/22/2023","96.15","31.500","37.00","19.900","1939.00"
"02/21/2023","97.00","31.750","37.95","20.200","1990.00"
"02/20/2023","96.40","32.000","37.75","20.100","2020.00"
"02/17/2023","96.00","33.100","38.50","19.700","2040.00"
"02/16/2023","96.70","33.300","39.30","19.700","1970.00"
"02/15/2023","97.00","33.000","39.00","19.300","1979.00"
"02/14/2023","96.45","32.950","39.80","19.900","1990.00"
"02/13/2023","96.00","33.350","38.50","19.880","2000.00"
"02/10/2023","98.00","33.250","37.75","19.840","2016.00"
"02/09/2023","98.40","33.800","37.75","20.100","2080.00"
"02/08/2023","99.35","33.700","37.70","20.400","2090.00"
"02/07/2023","95.45","33.500","37.80","20.000","2114.00"
"02/06/2023","96.70","33.400","37.50","20.000","2150.00"
"02/03/2023","96.70","33.100","38.00","20.000","2128.00"
"02/02/2023","93.00","33.800","38.05","19.700","2170.00"
"02/01/2023","92.25","34.000","36.80","19.900","2150.00"
"01/31/2023","92.00","33.500","36.20","19.700","2020.00"
"01/30/2023","91.40","33.000","37.10","18.900","2160.00"
"01/27/2023","93.80","34.850","37.95","19.600","2152.00"
"01/26/2023","93.25","35.900","37.95","19.440","2146.00"
"01/25/2023","94.00","35.550","37.75","19.520","2150.00"
"01/24/2023","93.75","35.700","37.95","19.660","2120.00"
"01/23/2023","94.25","36.200","37.80","19.880","2042.00"
"01/20/2023","94.00","36.050","37.65","20.000","2080.00"
"01/19/2023","94.80","36.200","37.70","20.000","2156.00"
"01/18/2023","93.90","35.750","38.15","20.000","2120.00"
"01/17/2023","95.15","35.950","38.50","20.050","2074.00"
"01/16/2023","96.80","35.550","39.30","20.350","2102.00"
"01/13/2023","95.80","35.250","38.00","20.400","2098.00"
"01/12/2023","93.70","35.100","36.10","20.100","2060.00"
"01/11/2023","91.10","34.900","35.90","19.860","2060.00"
"01/10/2023","92.85","34.900","34.70","20.050","2114.00"
"01/09/2023","93.30","35.200","35.00","20.150","2132.00"
"01/06/2023","91.85","35.150","33.90","20.000","2126.00"
"01/05/2023","93.00","35.900","34.70","20.100","2164.00"
"01/04/2023","90.00","35.050","35.00","20.100","2218.00"
"01/03/2023","88.70","34.800","35.25","19.900","2220.00"
"12/29/2022","87.00","34.900","34.05","19.100","2180.00"
"12/28/2022","88.50","34.950","34.00","18.500","2236.00"
"12/27/2022","88.10","33.850","33.70","19.000","2168.00"
"12/23/2022","87.80","33.900","34.00","18.920","2194.00"
"12/22/2022","88.60","34.000","33.45","19.000","2198.00"
"12/21/2022","89.90","34.000","33.90","19.300","2210.00"
"12/20/2022","86.80","33.100","33.10","18.840","2180.00"
"12/19/2022","87.00","33.200","33.05","18.300","2150.00"
"12/16/2022","87.00","34.850","34.00","18.520","2070.00"
"12/15/2022","88.00","33.800","34.15","18.600","2196.00"
"12/14/2022","88.15","33.100","34.15","18.240","2224.00"
"12/13/2022","88.05","32.500","33.55","18.820","2158.00"
"12/12/2022","89.90","33.250","33.70","19.200","2150.00"
"12/09/2022","89.40","32.850","33.80","19.100","2160.00"
"12/07/2022","90.00","32.200","34.20","19.440","2182.00"
"12/06/2022","90.90","32.000","34.60","19.460","2202.00"
"12/05/2022","92.00","32.900","33.70","20.300","2190.00"
"12/02/2022","92.00","33.000","33.55","19.900","2280.00"
"12/01/2022","93.60","33.000","34.00","20.300","2350.00"
"11/29/2022","95.90","35.500","34.40","21.600","2300.00"
"11/28/2022","97.00","34.650","34.80","19.880","2284.00"
"11/25/2022","96.00","34.800","34.50","20.400","2240.00"
"11/24/2022","96.75","34.850","34.50","21.300","2210.00"
"11/23/2022","95.50","34.950","35.60","20.000","2210.00"
"11/22/2022","95.10","35.000","35.45","19.000","2222.00"
"11/21/2022","93.60","35.000","34.20","19.000","2224.00"
"11/18/2022","91.95","35.150","34.20","18.200","2214.00"
"11/17/2022","91.50","34.800","33.85","17.460","2222.00"
"11/16/2022","90.05","34.800","33.50","17.660","2222.00"
"11/15/2022","89.00","34.800","34.30","17.480","2230.00"
"11/14/2022","87.00","33.600","33.60","16.500","2212.00"
"11/11/2022","87.00","33.500","33.20","16.520","2300.00"
"11/10/2022","87.95","33.250","32.90","16.500","2292.00"
"11/09/2022","88.90","32.600","33.10","16.280","2298.00"
"11/08/2022","88.80","31.650","33.00","16.100","2270.00"
"11/07/2022","88.00","30.800","33.50","16.360","2304.00"
"11/04/2022","88.40","30.700","32.35","15.780","2300.00"
"11/03/2022","88.45","30.500","32.80","15.600","2260.00"
"11/02/2022","87.95","30.800","32.00","16.260","2230.00"
"10/28/2022","86.40","30.000","31.65","16.340","2322.00"
"10/27/2022","86.50","30.500","31.80","16.380","2320.00"
"10/26/2022","81.80","30.100","31.90","15.520","2310.00"
"10/25/2022","83.35","29.150","31.60","15.580","2338.00"
"10/24/2022","83.35","29.100","31.50","15.660","2296.00"
"10/21/2022","82.00","29.200","31.75","15.500","2330.00"
"10/20/2022","79.90","29.200","32.35","15.300","2478.00"
"10/19/2022","83.50","28.350","32.45","15.200","2400.00"
"10/18/2022","82.95","28.200","32.20","14.900","2306.00"
"10/17/2022","81.70","27.500","31.90","14.600","2200.00"
"10/14/2022","83.00","28.100","31.30","14.340","2200.00"
"10/13/2022","82.70","28.100","31.80","14.140","2170.00"
"10/12/2022","81.50","28.150","31.00","13.640","2220.00"
"10/11/2022","81.75","27.500","31.05","13.680","2230.00"
"10/10/2022","80.00","26.900","31.20","13.000","2170.00"
"10/07/2022","81.00","27.000","32.00","13.500","2160.00"
"10/06/2022","83.90","26.700","31.60","13.800","2200.00"
"10/05/2022","84.00","27.600","32.00","13.900","2218.00"
"10/04/2022","82.00","27.300","32.45","13.900","2150.00"
"10/03/2022","80.15","27.700","30.30","13.840","1998.00"
"09/30/2022","81.00","28.250","30.80","13.640","2030.00"
"09/29/2022","82.00","29.500","30.80","14.100","2084.00"
"09/28/2022","81.00","28.800","30.70","13.800","2110.00"
"09/27/2022","81.20","28.750","31.00","14.360","2178.00"
"09/26/2022","86.00","30.050","31.40","14.860","2174.00"
"09/23/2022","86.00","30.050","31.40","14.860","2174.00"
"09/22/2022","84.00","29.750","30.75","14.800","2142.00"
"09/21/2022","85.55","30.500","31.70","15.000","2130.00"
"09/20/2022","87.00","30.200","31.90","15.200","2180.00"
"09/19/2022","85.90","31.350","32.05","15.200","2140.00"
"09/16/2022","88.00","31.350","31.60","15.580","2118.00"
"09/15/2022","88.05","32.950","32.85","15.400","2143.02"
"09/14/2022","87.00","33.300","32.20","15.400","2135.15"
"09/13/2022","87.85","34.800","32.05","15.400","2105.63"
"09/12/2022","88.40","33.800","32.50","15.400","2095.79"
"09/09/2022","88.80","33.650","31.50","15.320","2056.43"
"09/08/2022","88.80","33.600","31.80","15.700","2089.89"
"09/07/2022","89.30","34.550","31.00","15.720","2111.53"
"09/06/2022","90.35","35.300","31.85","15.960","2133.18"
"09/05/2022","88.90","35.000","31.85","15.700","2148.92"
"09/02/2022","90.30","35.650","31.90","15.460","2158.76"
"09/01/2022","89.50","33.400","30.65","15.040","2105.63"
"08/31/2022","90.00","34.250","31.30","15.500","2064.30"
"08/30/2022","91.35","34.850","31.55","15.780","2164.67"
"08/26/2022","91.90","35.400","31.50","15.960","2184.34"
"08/25/2022","92.00","34.500","31.95","15.900","2231.57"
"08/24/2022","91.00","34.500","31.90","16.000","2227.64"
"08/23/2022","88.50","34.900","31.05","15.640","2263.06"
"08/22/2022","88.85","35.750","32.00","15.660","2263.06"
"08/19/2022","90.50","35.650","32.20","16.100","2322.10"
"08/18/2022","92.45","35.550","31.75","16.500","2328.00"
"08/17/2022","90.70","35.650","32.80","16.580","2294.55"
"08/16/2022","92.00","36.000","31.55","16.560","2257.16"
"08/15/2022","87.00","35.450","31.70","16.440","2282.74"
"08/12/2022","86.10","34.900","31.55","16.620","2204.02"
"08/11/2022","86.95","33.850","32.00","15.100","2154.83"
"08/10/2022","82.75","33.300","30.90","14.920","2017.07"
"08/09/2022","83.00","32.100","31.50","15.100","1999.36"
"08/08/2022","83.40","31.700","31.40","15.040","2036.75"
"08/05/2022","82.00","31.650","31.00","14.800","1977.72"
"08/04/2022","82.10","32.000","32.40","14.500","2026.91"
"08/03/2022","81.00","30.600","32.20","14.560","2036.75"
"08/02/2022","84.00","30.100","32.50","14.960","2022.98"
"08/01/2022","86.90","30.100","32.50","15.340","1987.56"
"07/29/2022","90.55","30.200","32.65","15.320","2028.88"
"07/28/2022","90.00","30.000","32.85","15.600","2036.75"
"07/27/2022","90.00","29.700","31.80","15.360","2066.27"
"07/26/2022","90.30","29.950","31.80","15.680","2093.82"
"07/25/2022","88.00","30.000","31.10","15.800","2095.79"
"07/22/2022","90.70","29.750","31.80","15.980","2154.83"
"07/21/2022","90.00","29.500","31.90","15.700","2172.54"
"07/20/2022","89.00","29.050","31.90","16.000","2209.93"
"07/19/2022","89.50","28.550","31.50","16.000","2205.99"
"07/18/2022","90.00","29.150","31.50","15.600","2215.83"
"07/15/2022","90.00","29.000","31.00","15.900","2233.54"
"07/14/2022","88.40","30.500","31.40","16.000","2257.16"
"07/13/2022","89.00","31.050","31.50","16.780","2213.86"
"07/12/2022","90.45","31.700","31.50","16.640","2215.83"
"07/11/2022","90.50","31.950","30.30","16.540","2239.45"
"07/08/2022","89.90","32.450","30.15","17.300","2257.16"
"07/07/2022","89.75","31.650","29.95","17.280","2204.02"
"07/06/2022","89.20","31.350","30.30","17.180","2204.02"
"07/05/2022","88.00","30.300","29.45","16.780","2190.25"
"07/04/2022","87.60","30.950","29.45","16.600","2164.67"
"07/01/2022","87.30","30.900","29.50","16.600","2144.99"
"06/30/2022","91.40","30.100","29.50","16.720","2231.57"
"06/29/2022","91.80","31.400","29.55","16.500","2243.38"
"06/28/2022","91.40","30.550","29.45","17.180","2243.38"
"06/27/2022","91.40","30.500","29.35","16.980","2125.31"
"06/24/2022","89.90","30.500","29.50","16.700","2115.47"
"06/23/2022","87.85","30.900","28.85","16.500","2046.59"
"06/22/2022","89.00","31.000","28.85","16.500","2066.27"
"06/21/2022","89.15","31.000","29.40","16.400","2066.27"
"06/20/2022","90.95","31.000","29.35","16.660","2058.40"
"06/17/2022","92.10","31.000","29.00","16.460","2184.34"
"06/16/2022","91.40","31.950","29.15","16.780","2204.02"
"06/15/2022","90.00","31.000","29.60","16.740","2229.61"
"06/14/2022","90.00","31.100","30.00","17.380","2261.09"
"06/13/2022","90.90","31.000","29.90","17.380","2290.61"
"06/10/2022","91.00","32.500","30.30","17.600","2326.03"
"06/09/2022","93.00","33.800","31.00","17.840","2361.45"
"06/08/2022","93.50","33.500","31.15","18.400","2404.75"
"06/07/2022","90.10","33.950","31.80","18.200","2355.55"
"06/06/2022","88.00","33.250","31.45","17.600","2326.03"
"06/03/2022","91.25","33.600","31.50","17.400","2290.61"
"06/02/2022","90.10","33.600","30.50","17.220","2312.26"
"06/01/2022","92.15","33.600","31.00","17.980","2365.39"
"05/31/2022","92.30","33.000","31.80","18.300","2389.00"
"05/30/2022","92.55","34.750","31.50","18.520","2546.43"
"05/27/2022","91.00","33.050","30.50","18.700","2483.46"
"05/26/2022","90.00","33.000","30.40","18.680","2518.88"
"05/25/2022","90.00","32.550","30.70","18.440","2503.14"
"05/24/2022","91.50","32.200","30.60","17.500","2489.37"
"05/23/2022","93.75","33.450","31.50","17.400","2509.04"
"05/20/2022","94.50","33.750","31.50","17.400","2465.75"
"05/19/2022","93.00","34.000","30.55","16.740","2457.88"
"05/18/2022","95.00","34.250","29.50","17.640","2418.52"
"05/17/2022","92.80","32.500","29.50","17.600","2369.33"
"05/16/2022","92.70","32.500","29.20","17.600","2243.38"
"05/13/2022","89.00","31.650","28.50","17.600","2164.67"
"05/12/2022","94.15","32.100","29.80","17.700","2300.45"
"05/11/2022","98.55","34.000","31.05","17.300","2349.65"
"05/10/2022","101.00","33.550","32.00","17.000","2370.00"
"05/06/2022","102.50","33.600","32.50","17.500","2464.00"
"05/05/2022","102.10","35.500","32.50","17.660","2388.00"
"05/04/2022","103.00","34.500","32.15","17.560","2222.00"
"05/02/2022","104.50","33.000","31.15","18.100","2274.00"
"04/29/2022","103.00","33.000","32.15","18.400","2270.00"
"04/28/2022","105.00","33.550","32.60","19.200","2420.00"
"04/27/2022","105.90","34.400","33.00","19.260","2348.00"
"04/26/2022","105.60","34.850","33.90","19.100","2446.00"
"04/25/2022","105.60","35.800","33.40","19.200","2438.00"
"04/22/2022","106.50","36.100","34.00","19.200","2430.00"
"04/21/2022","107.80","36.500","35.00","19.660","2514.00"
"04/20/2022","108.00","37.600","35.00","19.500","2536.00"
"04/19/2022","106.90","37.700","35.00","19.200","2472.00"
"04/18/2022","106.20","36.300","35.40","19.580","2424.00"
"04/13/2022","106.90","36.900","35.50","19.500","2448.00"
"04/12/2022","106.20","36.600","35.05","19.520","2420.00"
"04/11/2022","106.00","36.250","35.75","19.900","2470.00"
"04/08/2022","106.80","37.000","36.00","19.700","2480.00"
"04/07/2022","106.50","37.050","35.50","19.320","2354.00"
"04/06/2022","110.00","37.600","36.70","20.050","2432.00"
"04/05/2022","109.80","37.750","37.00","20.800","2420.00"
"04/04/2022","109.00","37.200","36.00","20.700","2498.00"
"04/01/2022","108.90","35.700","35.95","20.800","2520.00"
"03/31/2022","109.00","35.750","36.00","20.150","2540.00"
"03/30/2022","111.00","35.850","35.70","20.200","2580.00"
"03/29/2022","112.00","35.500","34.95","20.000","2580.00"
"03/28/2022","111.40","34.700","35.50","20.000","2622.00"
"03/25/2022","109.00","32.950","35.55","20.050","2638.00"
"03/24/2022","109.90","32.550","35.45","20.550","2560.00"
"03/23/2022","109.20","32.500","35.40","20.050","2408.00"
"03/22/2022","110.00","32.200","34.65","19.680","2388.00"
"03/21/2022","109.90","32.200","34.50","19.540","2344.00"
"03/18/2022","107.00","32.200","34.90","20.050","2254.00"
"03/17/2022","110.00","33.300","34.15","19.600","2342.00"
"03/16/2022","110.00","33.000","34.30","18.960","2280.00"
"03/15/2022","104.10","31.800","33.00","18.300","2240.00"
"03/14/2022","105.70","32.050","34.60","18.500","2350.00"
"03/11/2022","111.00","33.000","34.90","19.400","2518.00"
"03/10/2022","108.90","33.650","35.00","19.700","2572.00"
"03/09/2022","107.00","33.600","34.50","19.300","2490.00"
"03/08/2022","106.90","33.800","33.50","18.980","2460.00"
"03/07/2022","110.90","34.900","34.10","19.980","2540.00"
"03/04/2022","113.00","35.000","34.25","20.750","2570.00"
"03/03/2022","113.80","35.150","34.55","21.550","2560.00"
"03/02/2022","114.50","36.400","35.65","21.500","2576.00"
"03/01/2022","116.00","36.300","35.45","20.100","2586.00"
"02/28/2022","116.70","35.150","36.00","20.000","2568.00"
"02/24/2022","112.60","35.500","34.40","20.850","2698.00"
"02/23/2022","117.20","35.200","36.00","21.450","2702.00"
"02/22/2022","118.00","36.050","36.50","21.450","2660.00"
"02/21/2022","117.40","36.650","36.50","22.450","2700.00"
"02/18/2022","117.50","35.950","36.50","22.400","2700.00"
"02/17/2022","117.50","36.400","36.70","22.700","2788.00"
"02/16/2022","116.00","36.150","35.90","22.250","2790.00"
"02/15/2022","113.90","35.500","35.50","21.550","2720.00"
"02/14/2022","112.70","35.300","34.90","22.200","2784.00"
"02/11/2022","111.70","35.500","34.05","22.400","2690.00"
"02/10/2022","117.00","36.300","35.25","22.500","2818.00"
"02/09/2022","118.00","36.800","36.10","24.000","3032.00"
"02/08/2022","118.60","36.600","36.25","24.750","3054.00"
"02/07/2022","117.80","35.900","35.70","24.500","3112.00"
"02/04/2022","114.70","36.950","36.00","24.550","3180.00"
"02/03/2022","111.40","36.750","34.20","25.400","3112.00"
"02/02/2022","110.00","36.750","34.20","25.500","3170.00"
"01/31/2022","107.20","37.100","35.30","25.000","3110.00"
"01/28/2022","105.30","36.500","33.80","24.600","3240.00"
"01/27/2022","105.10","36.650","32.60","24.500","3260.00"
"01/26/2022","105.00","36.600","32.75","24.500","3220.00"
"01/25/2022","107.60","37.000","32.50","24.850","3234.00"
"01/24/2022","110.00","37.400","32.35","24.950","3260.00"
"01/21/2022","111.00","37.450","33.25","25.000","3318.00"
"01/20/2022","111.00","37.450","33.80","25.200","3360.00"
"01/19/2022","107.00","36.750","33.55","25.500","3360.00"
"01/18/2022","112.00","37.500","31.80","26.000","3354.00"
"01/17/2022","111.00","37.500","30.90","25.900","3280.00"
"01/14/2022","112.00","37.300","30.90","25.600","3296.00"
"01/13/2022","113.50","37.150","31.00","25.050","3330.00"
"01/12/2022","112.00","36.500","31.10","25.350","3396.00"
"01/11/2022","112.50","36.000","30.05","24.950","3300.00"
"01/10/2022","111.00","36.550","30.35","24.750","3240.00"
"01/07/2022","104.10","36.600","29.30","23.800","3270.00"
"01/06/2022","109.00","38.350","29.75","24.100","3260.00"
"01/05/2022","113.00","38.750","30.50","24.150","3310.00"
"01/03/2022","115.20","39.350","30.70","24.000","3278.00"
"12/31/2021","119.00","39.300","29.70","24.750","3322.00"
"12/29/2021","119.50","39.050","30.60","24.800","3420.00"
"12/28/2021","119.50","39.800","30.25","25.500","3380.00"
"12/27/2021","118.00","37.950","30.50","24.750","3412.00"
"12/24/2021","117.20","38.500","30.90","25.000","3360.00"
"12/23/2021","117.00","37.500","30.85","24.500","3364.00"
"12/22/2021","117.00","38.050","31.10","24.500","3360.00"
"12/21/2021","115.80","38.600","30.70","24.500","3416.00"
"12/20/2021","114.20","37.850","30.65","24.950","3508.00"
"12/17/2021","116.10","36.550","31.80","25.100","3526.00"
"12/16/2021","116.00","37.400","31.70","26.000","3600.00"
"12/15/2021","116.20","36.350","30.40","24.900","3306.00"
"12/14/2021","116.10","37.550","30.55","26.050","3418.00"
"12/13/2021","118.50","38.200","30.20","26.350","3400.00"
"12/10/2021","117.50","38.550","30.50","25.200","3366.00"
"12/09/2021","118.50","38.400","30.75","25.500","3422.00"
"12/07/2021","117.70","40.000","29.30","24.950","3390.00"
"12/06/2021","119.00","40.300","30.15","25.150","3242.00"
"12/03/2021","117.00","39.700","30.00","24.100","3280.00"
"12/02/2021","114.00","39.100","29.70","23.500","3180.00"
"12/01/2021","114.50","40.000","29.30","23.800","3136.00"
"11/29/2021","115.00","41.050","29.95","24.000","3282.00"
"11/26/2021","116.50","40.100","30.55","25.350","3400.00"
"11/25/2021","118.90","40.550","30.65","25.400","3500.00"
"11/24/2021","120.00","41.400","30.70","25.300","3600.00"
"11/23/2021","122.70","41.450","30.75","25.750","3600.00"
"11/22/2021","122.00","40.400","30.10","24.200","3620.00"
"11/19/2021","120.50","41.450","30.60","23.850","3630.00"
"11/18/2021","122.50","41.900","31.60","23.800","3440.00"
"11/17/2021","122.50","42.100","31.70","23.700","3468.00"
"11/16/2021","122.00","41.900","31.40","24.050","3460.00"
"11/15/2021","122.80","42.600","31.05","25.000","3380.00"
"11/12/2021","122.00","42.550","31.55","24.500","3430.00"
"11/11/2021","121.50","43.000","32.30","24.500","3470.00"
"11/10/2021","124.00","42.800","32.70","25.050","3500.00"
"11/09/2021","125.20","42.800","32.65","23.900","3422.00"
"11/08/2021","126.50","42.750","32.70","24.050","3300.00"
"11/05/2021","123.00","44.000","33.30","25.000","3194.00"
"11/04/2021","121.80","43.000","33.95","25.150","3160.00"
"11/03/2021","121.90","43.100","34.00","26.000","3154.00"
"11/02/2021","121.00","42.500","32.45","25.800","3134.00"
"10/29/2021","120.90","42.250","32.15","26.500","2996.00"
"10/28/2021","122.40","41.550","32.10","25.500","2972.00"
"10/27/2021","123.40","40.500","32.20","26.200","3022.00"
"10/26/2021","124.00","40.000","32.00","25.700","3148.00"
"10/25/2021","124.40","40.600","31.60","25.700","3020.00"
"10/22/2021","122.00","40.900","32.20","25.950","3038.00"
"10/21/2021","118.60","40.600","32.15","25.950","3000.00"
"10/20/2021","121.00","41.700","31.80","26.000","3050.00"
"10/19/2021","124.90","41.050","31.25","24.600","3108.00"
"10/18/2021","125.80","42.350","31.30","24.900","3210.00"
"10/15/2021","120.10","42.800","31.70","26.100","3220.00"
"10/14/2021","122.20","42.900","30.85","27.000","3350.00"
"10/13/2021","117.90","42.100","30.00","26.600","3198.00"
"10/12/2021","115.60","42.450","30.70","25.600","3150.00"
"10/11/2021","118.80","42.400","31.00","25.000","3080.00"
"10/08/2021","110.00","41.950","29.55","23.800","3088.00"
"10/07/2021","108.10","41.850","29.60","23.000","3240.00"
"10/06/2021","108.40","42.450","30.65","22.600","3410.00"
"10/05/2021","107.10","43.150","29.30","20.500","3114.00"
"10/04/2021","106.50","43.700","30.55","19.800","3000.00"
"10/01/2021","107.00","44.500","31.65","18.480","3050.00"
"09/30/2021","106.00","44.500","31.00","18.600","2984.00"
"09/29/2021","105.40","44.000","29.80","18.580","2946.00"
"09/28/2021","106.00","44.000","30.90","18.480","2922.00"
"09/27/2021","104.20","43.300","34.20","18.240","2950.00"
"09/24/2021","107.50","42.950","32.65","18.400","3000.00"
"09/23/2021","107.10","41.400","32.05","18.000","2990.00"
"09/22/2021","107.60","42.500","32.30","17.760","3098.00"
"09/21/2021","107.80","41.500","32.10","17.440","2900.00"
"09/20/2021","108.00","41.000","33.45","17.460","2972.00"
"09/17/2021","108.30","41.950","32.65","17.580","3000.00"
"09/16/2021","111.00","43.000","31.60","17.700","3200.00"
"09/15/2021","112.50","42.000","30.30","17.780","3040.00"
"09/14/2021","113.00","42.350","28.80","17.860","3174.00"
"09/13/2021","113.40","42.800","28.85","18.000","3090.00"
"09/10/2021","113.00","43.700","29.10","17.880","2862.00"
"09/09/2021","113.00","42.900","29.05","17.960","2790.00"
"09/08/2021","112.00","42.850","28.95","18.000","2790.00"
"09/07/2021","112.50","42.500","28.65","17.980","2790.00"
"09/06/2021","112.60","42.800","28.80","18.040","2700.00"
"09/03/2021","112.50","43.200","29.10","18.000","2702.00"
"09/02/2021","112.00","42.950","29.30","18.100","2752.00"
"09/01/2021","112.20","41.650","28.40","18.200","2760.00"
"08/31/2021","113.20","41.750","28.00","18.140","2720.00"
"08/27/2021","112.90","40.000","26.20","18.560","2848.00"
"08/26/2021","113.00","40.000","26.50","18.700","2948.00"
"08/25/2021","113.00","40.200","26.10","18.460","2600.00"
"08/24/2021","113.20","40.000","25.25","18.100","2280.00"
"08/23/2021","113.20","39.750","25.20","18.000","2172.00"
"08/20/2021","113.90","40.000","25.00","18.000","2156.00"
"08/19/2021","113.00","39.950","25.20","18.000","2102.00"
"08/18/2021","113.50","39.000","24.95","17.960","2134.00"
"08/17/2021","113.50","39.000","24.40","17.940","2082.00"
"08/16/2021","113.40","39.000","24.00","18.120","2010.00"
"08/13/2021","117.00","37.900","24.20","18.000","1960.00"
"08/12/2021","112.50","38.400","23.60","17.860","2016.00"
"08/11/2021","113.60","38.200","23.70","18.040","2000.00"
"08/10/2021","113.00","39.000","23.80","18.100","1990.00"
"08/09/2021","112.50","39.700","23.20","18.240","1980.00"
"08/06/2021","114.00","40.400","23.15","17.900","1985.00"
"08/05/2021","112.20","40.000","23.00","17.200","1936.00"
"08/04/2021","113.00","39.950","23.40","17.000","1880.00"
"08/03/2021","112.00","39.350","23.00","16.400","1875.00"
"08/02/2021","110.00","39.800","23.00","16.200","1900.00"
"07/30/2021","110.00","40.300","23.20","16.200","1860.00"
"07/29/2021","110.00","40.200","24.00","16.820","1907.00"
"07/28/2021","109.80","40.250","23.80","16.680","1880.00"
"07/27/2021","110.50","40.600","24.00","16.500","1881.00"
"07/26/2021","110.20","39.550","23.60","16.680","1906.00"
"07/23/2021","111.60","39.500","24.00","17.060","1930.00"
"07/22/2021","113.40","40.000","23.75","17.200","1914.00"
"07/21/2021","108.00","39.500","23.50","17.160","1897.00"
"07/19/2021","112.00","38.800","24.00","17.600","1930.00"
"07/16/2021","114.00","38.950","24.00","17.600","1941.00"
"07/15/2021","116.90","39.200","24.45","18.000","1933.00"
"07/14/2021","117.60","39.900","24.70","18.000","1974.00"
"07/13/2021","118.00","39.500","24.90","18.180","1979.00"
"07/12/2021","118.10","40.700","25.00","18.220","1983.00"
"07/09/2021","116.20","39.950","25.00","18.100","1965.00"
"07/08/2021","119.00","40.600","25.10","18.180","1970.00"
"07/07/2021","119.20","40.900","24.80","18.220","1932.00"
"07/06/2021","121.90","41.700","25.00","18.380","1964.00"
"07/05/2021","124.00","41.900","25.25","18.700","1920.00"
"07/02/2021","122.30","41.500","24.80","18.680","1885.00"
"07/01/2021","118.90","40.600","25.00","18.480","1870.00"
"06/30/2021","118.00","40.500","24.45","18.300","1840.00"
"06/29/2021","118.10","40.500","24.55","18.600","1830.00"
"06/28/2021","117.90","40.500","24.45","18.420","1840.00"
"06/25/2021","117.50","40.700","24.35","18.000","1853.00"
"06/24/2021","118.80","40.600","24.65","18.180","1830.00"
"06/23/2021","119.70","40.700","24.65","17.620","1840.00"
"06/22/2021","120.50","40.300","24.90","17.060","1819.00"
"06/21/2021","120.00","40.000","24.25","16.740","1819.00"
"06/18/2021","122.50","40.900","23.95","16.920","1815.00"
"06/17/2021","122.70","40.750","23.95","17.000","1840.00"
"06/16/2021","123.70","40.700","24.30","17.120","1878.00"
"06/15/2021","122.80","39.750","24.60","16.700","1890.00"
"06/14/2021","122.80","39.350","24.00","16.040","1895.00"
"06/11/2021","122.00","39.100","23.40","15.100","1841.00"
"06/10/2021","122.90","39.000","23.35","14.980","1820.00"
"06/09/2021","124.10","37.600","23.15","15.000","1820.00"
"06/08/2021","124.50","37.600","23.15","14.840","1809.00"
"06/07/2021","123.90","38.200","23.15","15.000","1840.00"
"06/04/2021","126.00","37.750","22.80","14.880","1840.00"
"06/03/2021","126.00","37.650","22.90","14.840","1811.00"
"06/02/2021","124.00","38.000","23.40","14.640","1835.00"
"06/01/2021","122.30","36.950","22.85","14.200","1827.00"
"05/31/2021","122.00","37.250","22.70","14.180","1806.00"
"05/28/2021","123.00","39.250","23.40","14.420","1811.00"
"05/27/2021","117.90","36.950","20.90","14.000","1850.00"
"05/26/2021","122.00","35.500","20.50","14.440","1835.00"
"05/25/2021","118.50","33.000","21.00","14.200","1800.00"
"05/24/2021","117.80","35.000","21.40","14.240","1796.00"
"05/21/2021","118.60","35.300","22.05","14.380","1820.00"
"05/20/2021","117.50","35.000","21.60","14.400","1850.00"
"05/19/2021","116.70","35.000","22.10","14.720","1861.00"
"05/18/2021","115.70","34.600","22.10","14.500","1847.00"
"05/17/2021","115.00","33.350","22.00","14.500","1831.00"
"05/14/2021","115.30","31.650","22.05","14.340","1811.00"
"05/12/2021","115.10","32.950","23.05","14.380","1829.00"
"05/11/2021","115.40","33.900","23.70","14.340","1860.00"
"05/10/2021","115.00","33.900","23.35","14.940","1859.00"
"05/07/2021","115.00","34.050","23.30","14.800","1831.00"
"05/06/2021","114.00","35.000","23.25","14.860","1810.00"
"05/05/2021","113.00","36.700","23.25","15.020","1834.00"
"05/04/2021","115.00","37.500","23.00","15.020","1825.00"
"05/03/2021","114.90","37.500","23.10","14.960","1830.00"
"04/30/2021","115.50","37.300","23.00","14.740","1833.00"
"04/29/2021","115.00","37.000","23.15","14.900","1886.00"
"04/28/2021","115.50","37.000","22.65","14.900","1886.00"
"04/27/2021","114.40","36.550","22.20","15.000","1900.00"
"04/26/2021","114.20","36.900","22.75","15.000","1920.00"
"04/23/2021","113.50","37.000","22.75","14.740","1870.00"
"04/22/2021","112.50","37.000","22.30","14.800","1866.00"
"04/21/2021","115.50","37.550","23.45","15.100","1866.00"
"04/20/2021","116.50","37.450","23.60","14.600","1864.00"
"04/19/2021","115.00","36.300","23.50","14.440","1850.00"
"04/16/2021","118.80","36.500","23.55","14.500","1850.00"
"04/15/2021","119.00","36.650","23.50","14.400","1835.00"
"04/14/2021","119.00","37.000","23.70","14.780","1843.00"
"04/13/2021","119.30","37.200","23.60","14.900","1825.00"
"04/12/2021","121.50","37.100","23.95","15.060","1825.00"
"04/08/2021","122.90","37.600","23.70","15.200","1830.00"
"04/07/2021","123.00","37.750","24.15","15.400","1838.00"
"04/06/2021","123.00","37.650","24.00","15.400","1843.00"
"04/05/2021","120.80","38.700","23.65","16.100","1840.00"
"03/31/2021","121.00","39.300","23.50","16.080","1880.00"
"03/30/2021","121.00","40.400","23.70","15.900","1901.00"
"03/29/2021","123.00","40.000","23.70","15.380","1910.00"
"03/26/2021","121.00","40.200","24.20","14.360","1900.00"
"03/25/2021","121.00","41.000","23.65","14.300","1900.00"
"03/24/2021","119.80","40.450","23.60","14.360","1910.00"
"03/23/2021","119.80","40.000","23.95","14.060","1912.00"
"03/22/2021","118.20","38.700","23.95","14.180","1930.00"
"03/19/2021","123.00","37.000","23.05","13.980","1870.00"
"03/18/2021","125.00","36.200","24.55","14.500","1940.00"
"03/17/2021","120.50","34.400","25.00","14.740","1930.00"
"03/16/2021","119.50","34.500","25.10","14.500","1980.00"
"03/15/2021","119.00","34.200","25.65","13.840","1980.00"
"03/12/2021","125.00","35.500","25.00","14.560","1960.00"
"03/11/2021","123.70","35.000","25.00","14.660","1968.00"
"03/10/2021","125.70","35.500","25.20","14.700","2018.00"
"03/09/2021","125.10","35.900","24.85","14.780","1965.00"
"03/08/2021","125.90","37.200","25.05","15.000","1991.00"
"03/05/2021","128.10","37.600","25.00","15.320","1992.00"
"03/04/2021","129.50","37.800","24.40","15.100","2000.00"
"03/03/2021","129.20","37.900","24.50","15.320","2002.00"
"03/02/2021","133.00","37.500","24.50","15.380","1995.00"
"03/01/2021","130.00","37.500","25.00","15.360","2026.00"
"02/26/2021","131.00","37.000","24.20","15.600","2026.00"
"02/24/2021","128.70","35.500","25.00","15.200","1985.00"
"02/23/2021","129.90","36.050","25.40","15.700","1977.00"
"02/22/2021","129.00","36.800","25.20","15.980","2036.00"
"02/19/2021","129.10","37.800","25.95","16.180","2048.00"
"02/18/2021","129.10","38.000","25.40","15.500","2030.00"
"02/17/2021","128.90","38.500","26.20","15.400","2050.00"
"02/16/2021","128.50","38.800","26.25","15.800","2046.00"
"02/15/2021","128.50","38.800","26.30","15.520","2040.00"
"02/11/2021","126.20","38.800","26.30","15.280","2040.00"
"02/10/2021","127.90","38.950","26.45","15.280","2038.00"
"02/09/2021","130.00","39.200","26.45","15.100","2000.00"
"02/08/2021","133.00","38.700","26.45","14.700","2020.00"
"02/05/2021","128.50","38.600","26.25","14.500","2026.00"
"02/04/2021","129.00","38.600","25.65","14.720","2012.00"
"02/03/2021","132.10","38.300","25.70","15.000","2002.00"
"02/02/2021","133.00","37.750","25.95","14.900","2046.00"
"02/01/2021","128.50","38.400","25.00","15.980","2020.00"
"01/29/2021","129.90","36.000","24.00","16.380","1941.00"
"01/28/2021","125.10","37.750","25.75","16.220","2014.00"
"01/27/2021","128.10","38.150","25.75","16.220","2004.00"
"01/26/2021","133.00","38.350","26.00","16.360","2010.00"
"01/25/2021","133.50","38.500","25.80","16.500","2044.00"
"01/22/2021","133.50","38.450","26.00","16.760","2060.00"
"01/21/2021","135.80","39.000","26.00","16.800","2100.00"
"01/20/2021","136.00","38.050","25.75","17.000","2100.00"
"01/19/2021","135.40","37.950","26.50","16.620","2060.00"
"01/18/2021","136.00","37.750","26.35","16.860","2100.00"
"01/15/2021","137.90","38.300","26.05","16.700","2100.00"
"01/14/2021","138.30","38.400","26.05","17.000","2130.00"
"01/13/2021","133.90","38.050","26.65","16.940","2046.00"
"01/12/2021","130.00","38.550","26.50","17.000","2020.00"
"01/11/2021","134.20","40.150","26.90","16.260","2040.00"
"01/08/2021","134.00","39.950","27.00",,"2020.00"
"01/07/2021","128.40","38.900","26.65",,"2000.00"
"01/06/2021","125.80","38.800","26.40",,"1997.00"
"01/05/2021","130.20","38.400","27.35",,"2020.00"
"01/04/2021","135.00","40.850","27.00",,"2018.00"
